"File","Name","Imports","Lines"
"src\presentation\components\procurement\StockMovement.tsx","StockMovement.tsx","0","739"
"src\presentation\components\procurement\PurchaseOrderManagement.tsx","PurchaseOrderManagement.tsx","0","632"
"src\presentation\components\procurement\SupplierEvaluation.tsx","SupplierEvaluation.tsx","0","859"
"src\presentation\components\projects\MilestoneCard.tsx","MilestoneCard.tsx","0","371"
"src\presentation\components\procurement\SupplierPerformanceReport.tsx","SupplierPerformanceReport.tsx","0","406"
"src\presentation\components\procurement\ProcurementTrendAnalysis.tsx","ProcurementTrendAnalysis.tsx","0","534"
"src\presentation\components\procurement\BudgetAlertManagement.tsx","BudgetAlertManagement.tsx","0","472"
"src\presentation\components\pricing\EnhancedPricingSummary.tsx","EnhancedPricingSummary.tsx","0","251"
"src\presentation\components\procurement\ContractManagement.tsx","ContractManagement.tsx","0","865"
"src\presentation\components\procurement\ProcurementReports.tsx","ProcurementReports.tsx","0","738"
"src\presentation\components\procurement\InventoryManagement.tsx","InventoryManagement.tsx","0","562"
"src\presentation\components\ui\layout\ActionBar.stories.tsx","ActionBar.stories.tsx","0","69"
"src\vite-env.d.ts","vite-env.d.ts","0","3"
"src\presentation\components\ui\accordion.stories.tsx","accordion.stories.tsx","0","815"
"src\presentation\components\ui\badge.stories.tsx","badge.stories.tsx","0","481"
"src\presentation\components\ui\alert-unified.tsx","alert-unified.tsx","0","326"
"src\presentation\components\shared\StatsCard.tsx","StatsCard.tsx","0","76"
"src\presentation\components\projects\ProjectTenderBadge.tsx","ProjectTenderBadge.tsx","0","323"
"src\presentation\components\projects\PhaseCard.tsx","PhaseCard.tsx","0","330"
"src\presentation\components\projects\ProjectTimelineEditor.tsx","ProjectTimelineEditor.tsx","0","735"
"src\presentation\components\projects\TenderProjectLinker.tsx","TenderProjectLinker.tsx","0","388"
"src\presentation\components\projects\PurchaseOrdersPanel.tsx","PurchaseOrdersPanel.tsx","0","345"
"src\domain\services\dualWritePricing.ts","dualWritePricing.ts","0","2"
"src\domain\services\diffService.ts","diffService.ts","0","63"
"src\domain\services\money.ts","money.ts","0","15"
"src\domain\services\snapshotService.ts","snapshotService.ts","0","2"
"src\domain\services\pricingMetrics.ts","pricingMetrics.ts","0","2"
"src\domain\repositories\interfaces.ts","interfaces.ts","0","2"
"src\application\stores\projectListStore.ts","projectListStore.ts","0","426"
"src\application\stores\documentUploadStore.ts","documentUploadStore.ts","0","495"
"src\config\Colors.stories.tsx","Colors.stories.tsx","0","100"
"src\config\Typography.stories.tsx","Typography.stories.tsx","0","139"
"src\config\Spacing.stories.tsx","Spacing.stories.tsx","0","164"
"src\presentation\components\financial\IncomeStatement.tsx","IncomeStatement.tsx","0","414"
"src\presentation\components\financial\BalanceSheet.tsx","BalanceSheet.tsx","0","493"
"src\presentation\components\financial\SaudiTaxReports.tsx","SaudiTaxReports.tsx","0","472"
"src\presentation\components\pricing\tender-pricing-process\hooks\usePricingTemplates.ts","usePricingTemplates.ts","0","260"
"src\presentation\components\performance\PerformanceStabilityDashboard.tsx","PerformanceStabilityDashboard.tsx","0","420"
"src\presentation\components\dialogs\ConflictResolutionDialog.tsx","ConflictResolutionDialog.tsx","0","411"
"src\presentation\components\analytics\AnalyticsFilters.tsx","AnalyticsFilters.tsx","0","534"
"src\presentation\components\analytics\AnalyticsDashboard.tsx","AnalyticsDashboard.tsx","0","529"
"src\presentation\components\analytics\PerformanceMetricsCards.tsx","PerformanceMetricsCards.tsx","0","434"
"src\presentation\components\datagrid\DataGrid.stories.tsx","DataGrid.stories.tsx","0","78"
"src\presentation\components\cost\components\CostSummaryCards.tsx","CostSummaryCards.tsx","0","75"
"src\presentation\components\ui\button.stories.tsx","button.stories.tsx","0","426"
"src\shared\config\Colors.stories.tsx","Colors.stories.tsx","0","100"
"src\repository\tender.repository.ts","tender.repository.ts","0","33"
"src\shared\config\Spacing.stories.tsx","Spacing.stories.tsx","0","166"
"src\shared\types\react-grid-layout.d.ts","react-grid-layout.d.ts","0","44"
"src\shared\config\Typography.stories.tsx","Typography.stories.tsx","0","138"
"src\repository\migrations\runner.ts","runner.ts","0","162"
"src\presentation\pages\Tenders\TenderPricing\hooks\useTenderPricingBackup.ts","useTenderPricingBackup.ts","0","174"
"src\presentation\pages\Tenders\TenderPricing\hooks\usePricingTemplates.ts","usePricingTemplates.ts","0","260"
"src\presentation\pages\Tenders\TenderPricing\utils\dateUtils.ts","dateUtils.ts","0","103"
"src\pricing\snapshotStorage.ts","snapshotStorage.ts","0","30"
"src\pricing\snapshotMetrics.ts","snapshotMetrics.ts","0","86"
"src\types\naturalLanguageProcessing.ts","naturalLanguageProcessing.ts","0","455"
"src\types\machineLearning.ts","machineLearning.ts","0","503"
"src\types\react-grid-layout.d.ts","react-grid-layout.d.ts","0","44"
"src\utils\numberFormat.ts","numberFormat.ts","0","60"
"src\types\storybook.d.ts","storybook.d.ts","0","5"
"src\test\AdapterIntegrationTest.tsx","AdapterIntegrationTest.tsx","0","201"
"src\shared\utils\formatters\numberFormat.ts","numberFormat.ts","0","68"
"src\shared\types\storybook.d.ts","storybook.d.ts","0","5"
"src\shared\utils\resilience\ResilientService.ts","ResilientService.ts","0","265"
"src\styles\theme.config.ts","theme.config.ts","0","277"
"src\shared\utils\transaction\TransactionManager.ts","TransactionManager.ts","0","285"
"src\presentation\components\ui\radio-group.stories.tsx","radio-group.stories.tsx","0","653"
"src\presentation\components\ui\label.stories.tsx","label.stories.tsx","0","725"
"src\presentation\components\ui\select.stories.tsx","select.stories.tsx","0","624"
"src\presentation\components\ui\switch.stories.tsx","switch.stories.tsx","0","554"
"src\presentation\components\ui\slider.stories.tsx","slider.stories.tsx","0","557"
"src\presentation\components\ui\input.stories.tsx","input.stories.tsx","0","423"
"src\presentation\components\ui\card.stories.tsx","card.stories.tsx","0","532"
"src\presentation\components\ui\card-grid.tsx","card-grid.tsx","0","186"
"src\presentation\components\ui\checkbox.stories.tsx","checkbox.stories.tsx","0","557"
"src\presentation\components\ui\inline-alert.stories.tsx","inline-alert.stories.tsx","0","64"
"src\presentation\components\ui\dialog.stories.tsx","dialog.stories.tsx","0","657"
"src\presentation\pages\Projects\ProjectsListPage.tsx","ProjectsListPage.tsx","0","18"
"src\presentation\pages\Debug\DebugGoals.tsx","DebugGoals.tsx","0","101"
"src\presentation\pages\Tenders\TenderPricing\components\PricingActions.tsx","PricingActions.tsx","0","127"
"src\presentation\pages\Tenders\TenderPricing\components\TemplateManagerDialog.tsx","TemplateManagerDialog.tsx","0","59"
"src\presentation\pages\Tenders\TenderPricing\components\RestoreBackupDialog.tsx","RestoreBackupDialog.tsx","0","101"
"src\presentation\pages\Clients\ClientsPage.tsx","ClientsPage.tsx","0","530"
"src\presentation\components\ui\tabs-enhanced.tsx","tabs-enhanced.tsx","0","328"
"src\presentation\components\ui\table.stories.tsx","table.stories.tsx","0","1003"
"src\presentation\components\ui\tabs.stories.tsx","tabs.stories.tsx","0","957"
"src\presentation\components\ui\use-mobile.ts","use-mobile.ts","0","19"
"src\presentation\components\ui\textarea.stories.tsx","textarea.stories.tsx","0","404"
"src\application\hooks\useFinancialCalculations.ts","useFinancialCalculations.ts","0","403"
"src\application\hooks\useProjectNavigation.ts","useProjectNavigation.ts","0","98"
"src\application\hooks\useProjectBudget.ts","useProjectBudget.ts","0","138"
"src\application\hooks\ui\useExpandableState.ts","useExpandableState.ts","0","114"
"src\application\hooks\useUndoStack.ts","useUndoStack.ts","0","25"
"src\application\hooks\useProjectStats.ts","useProjectStats.ts","0","56"
"src\application\hooks\useCentralData.ts","useCentralData.ts","0","18"
"src\application\hooks\useTenderStatusManagement.ts","useTenderStatusManagement.ts","0","470"
"src\application\hooks\useTenderBOQ.ts","useTenderBOQ.ts","0","442"
"src\application\hooks\useProjectStatus.ts","useProjectStatus.ts","0","241"
"src\application\hooks\useProjectTimeline.ts","useProjectTimeline.ts","0","235"
"src\analytics\pricingAnalytics.ts","pricingAnalytics.ts","0","119"
"src\application\hooks\useProjectBOQ.ts","useProjectBOQ.ts","0","112"
"src\application\hooks\cost\useBreakdownCalculations.ts","useBreakdownCalculations.ts","0","145"
"src\application\context\ThemeSwitcher.stories.tsx","ThemeSwitcher.stories.tsx","0","159"
"src\application\hooks\cost\useCostItemActions.ts","useCostItemActions.ts","0","182"
"src\presentation\components\cost\SimplifiedProjectCostView.tsx","SimplifiedProjectCostView.tsx","1","600"
"src\presentation\pages\Projects\components\tabs\ProjectBudgetTab.tsx","ProjectBudgetTab.tsx","1","235"
"src\presentation\pages\Projects\components\tabs\ProjectAttachmentsTab.tsx","ProjectAttachmentsTab.tsx","1","88"
"src\presentation\components\charts\LazyCharts.tsx","LazyCharts.tsx","1","151"
"src\presentation\pages\Projects\components\cost\SimplifiedProjectCostView.tsx","SimplifiedProjectCostView.tsx","1","19"
"src\presentation\pages\Financial\components\BankStatementAnalyzer.tsx","BankStatementAnalyzer.tsx","1","598"
"src\presentation\components\analytics\CompetitiveAnalyticsBoard.tsx","CompetitiveAnalyticsBoard.tsx","1","321"
"src\presentation\pages\Financial\components\NewBudget.tsx","NewBudget.tsx","1","504"
"src\presentation\pages\Projects\components\tabs\ProjectOverviewTab.tsx","ProjectOverviewTab.tsx","1","123"
"src\presentation\components\analytics\PredictiveAnalytics.tsx","PredictiveAnalytics.tsx","1","973"
"src\presentation\pages\Projects\components\tabs\ProjectCostsTab.tsx","ProjectCostsTab.tsx","1","75"
"src\presentation\pages\Financial\components\FinancialSummaryCard.tsx","FinancialSummaryCard.tsx","1","280"
"src\presentation\components\competitive\CompetitorTracker.tsx","CompetitorTracker.tsx","1","894"
"src\presentation\components\cost\CostPercentagesPanel.tsx","CostPercentagesPanel.tsx","1","119"
"src\presentation\components\competitive\CompetitiveBenchmark.tsx","CompetitiveBenchmark.tsx","1","621"
"src\presentation\components\cost\CostBaselineTotals.tsx","CostBaselineTotals.tsx","1","63"
"src\presentation\components\cost\CostItemBreakdown.tsx","CostItemBreakdown.tsx","1","183"
"src\presentation\pages\Financial\components\NewBankAccount.tsx","NewBankAccount.tsx","1","356"
"src\presentation\pages\Financial\FinancialPage.tsx","FinancialPage.tsx","1","2057"
"src\presentation\components\competitive\SWOTAnalysis.tsx","SWOTAnalysis.tsx","1","787"
"src\presentation\pages\Financial\components\ExpenseManagement.tsx","ExpenseManagement.tsx","1","1490"
"src\presentation\components\competitive\MarketMonitor.tsx","MarketMonitor.tsx","1","731"
"src\presentation\pages\Financial\components\NewInvoice.tsx","NewInvoice.tsx","1","453"
"src\presentation\components\command-palette\useCommandPalette.ts","useCommandPalette.ts","1","141"
"src\presentation\pages\Projects\components\tabs\ProjectPurchasesTab.tsx","ProjectPurchasesTab.tsx","1","56"
"src\presentation\pages\Tenders\components\TendersPagination.tsx","TendersPagination.tsx","1","100"
"src\presentation\pages\Tenders\components\TenderStatusCards.tsx","TenderStatusCards.tsx","1","452"
"src\presentation\pages\Tenders\TenderPricing\components\PricingHeader.tsx","PricingHeader.tsx","1","190"
"src\presentation\pages\Tenders\components\TechnicalFilesUpload.tsx","TechnicalFilesUpload.tsx","1","406"
"src\presentation\pages\Tenders\components\TenderQuickResults.tsx","TenderQuickResults.tsx","1","344"
"src\presentation\pages\Tenders\components\TendersHeaderSection.tsx","TendersHeaderSection.tsx","1","139"
"src\infrastructure\repositories\TenderPricingRepository.ts","TenderPricingRepository.ts","1","90"
"src\presentation\pages\Tenders\TenderPricing\hooks\usePricingForm.ts","usePricingForm.ts","1","174"
"src\domain\validation\schemas.ts","schemas.ts","1","252"
"src\presentation\components\tenders\TenderDetails\components\TenderHeader.tsx","TenderHeader.tsx","1","71"
"src\presentation\pages\Tenders\TenderPricing\hooks\useItemNavigation.ts","useItemNavigation.ts","1","385"
"src\presentation\pages\Tenders\TenderPricing\hooks\usePricingEventHandlers.ts","usePricingEventHandlers.ts","1","146"
"src\features\projects\ProjectsContainer.tsx","ProjectsContainer.tsx","1","64"
"src\presentation\pages\Tenders\components\SubmitReviewDialog.tsx","SubmitReviewDialog.tsx","1","230"
"src\presentation\components\analytics\AnalyticsContext.tsx","AnalyticsContext.tsx","1","389"
"src\presentation\components\analytics\AnalyticsCharts.tsx","AnalyticsCharts.tsx","1","531"
"src\presentation\pages\Projects\components\NewClientDialog.tsx","NewClientDialog.tsx","1","24"
"src\presentation\components\analytics\AnalyticsOverview.tsx","AnalyticsOverview.tsx","1","402"
"src\presentation\pages\Projects\components\tabs\ProjectTimelineTab.tsx","ProjectTimelineTab.tsx","1","55"
"src\presentation\pages\Projects\components\EnhancedProjectDetails.tsx","EnhancedProjectDetails.tsx","1","656"
"src\presentation\pages\Projects\components\NewProjectForm.tsx","NewProjectForm.tsx","1","779"
"src\presentation\pages\Settings\components\BankStatementAnalyzer.tsx","BankStatementAnalyzer.tsx","1","36"
"src\presentation\pages\Settings\SettingsPage.tsx","SettingsPage.tsx","1","1562"
"src\presentation\pages\Tenders\components\NewTenderForm.tsx","NewTenderForm.tsx","1","260"
"src\application\hooks\useAuditLog.ts","useAuditLog.ts","1","39"
"src\presentation\pages\Reports\components\NewReport.tsx","NewReport.tsx","1","450"
"src\presentation\pages\Reports\ReportsPage.tsx","ReportsPage.tsx","1","643"
"src\presentation\pages\Development\DevelopmentPage.tsx","DevelopmentPage.tsx","1","964"
"src\presentation\components\tenders\TenderTabs.tsx","TenderTabs.tsx","1","58"
"src\presentation\components\projects\GanttChart.tsx","GanttChart.tsx","1","477"
"src\presentation\components\tenders\VirtualizedTenderList.tsx","VirtualizedTenderList.tsx","1","176"
"src\application\hooks\useProjectCurrencyFormatter.ts","useProjectCurrencyFormatter.ts","1","37"
"src\presentation\components\projects\ProjectsManager.tsx","ProjectsManager.tsx","1","54"
"src\presentation\components\tenders\TenderDialogs.tsx","TenderDialogs.tsx","1","110"
"src\presentation\components\procurement\ProcurementIntegration.tsx","ProcurementIntegration.tsx","1","562"
"src\presentation\components\ui\back-to-top.tsx","back-to-top.tsx","1","33"
"src\presentation\components\pricing\tender-pricing-process\views\TenderPricingTabs.tsx","TenderPricingTabs.tsx","1","80"
"src\presentation\components\pricing\tender-pricing-process\hooks\useTenderPricingState.ts","useTenderPricingState.ts","1","76"
"src\presentation\components\ui\layout\DateTimeDisplay.tsx","DateTimeDisplay.tsx","1","196"
"src\application\hooks\useTenderAttachments.ts","useTenderAttachments.ts","1","413"
"src\application\hooks\useTenderEventListeners.ts","useTenderEventListeners.ts","1","129"
"src\application\hooks\useProjectCostManagement.ts","useProjectCostManagement.ts","1","105"
"src\presentation\components\tenders\TenderDetails\hooks\useTenderAttachments.ts","useTenderAttachments.ts","1","106"
"src\presentation\components\security\usePermissions.ts","usePermissions.ts","1","134"
"src\presentation\components\security\PermissionGuard.tsx","PermissionGuard.tsx","1","96"
"src\presentation\components\tenders\TenderDetails\components\CostAnalysisTable.tsx","CostAnalysisTable.tsx","1","48"
"src\presentation\components\tasks\TaskForm.tsx","TaskForm.tsx","1","545"
"src\presentation\components\tenders\TenderDetails\hooks\useTenderActions.ts","useTenderActions.ts","1","85"
"src\presentation\components\tenders\TenderDetails\hooks\useTenderDetails.ts","useTenderDetails.ts","1","147"
"src\presentation\components\tenders\TenderDetails\tabs\QuantitiesTab.tsx","QuantitiesTab.tsx","1","577"
"src\presentation\components\reports\ProjectReports.tsx","ProjectReports.tsx","1","669"
"src\presentation\components\tenders\TenderDetails\tabs\WorkflowTab.tsx","WorkflowTab.tsx","1","29"
"src\presentation\components\security\AuditLogViewer.tsx","AuditLogViewer.tsx","1","350"
"src\presentation\components\tenders\TenderDetails\tabs\GeneralInfoTab.tsx","GeneralInfoTab.tsx","1","169"
"src\presentation\components\scheduling\GanttChart.tsx","GanttChart.tsx","1","389"
"src\application\hooks\useTenderStatus.ts","useTenderStatus.ts","1","167"
"src\presentation\components\integration\UnifiedSystemIntegration.tsx","UnifiedSystemIntegration.tsx","1","612"
"src\presentation\components\financial\ProfitabilityComparison.tsx","ProfitabilityComparison.tsx","1","444"
"src\presentation\pages\Dashboard\components\MonthlyCalendarCard.tsx","MonthlyCalendarCard.tsx","1","289"
"src\presentation\components\kpi\UnifiedKPICard.tsx","UnifiedKPICard.tsx","1","97"
"src\presentation\components\keyboard-shortcuts\ShortcutsDialog.tsx","ShortcutsDialog.tsx","1","334"
"src\presentation\pages\Dashboard\components\FinancialSummaryCard.tsx","FinancialSummaryCard.tsx","1","152"
"src\presentation\components\financial\PaymentsReceivables.tsx","PaymentsReceivables.tsx","1","692"
"src\presentation\pages\Dashboard\DashboardPage.tsx","DashboardPage.tsx","1","272"
"src\presentation\pages\Development\components\DevelopmentGoalDialog.tsx","DevelopmentGoalDialog.tsx","1","393"
"src\presentation\components\datagrid\DataGrid.tsx","DataGrid.tsx","1","609"
"src\presentation\pages\Dashboard\components\ProjectManagementCards.tsx","ProjectManagementCards.tsx","1","179"
"src\presentation\components\financial\FinancialIntegration.tsx","FinancialIntegration.tsx","1","626"
"src\presentation\pages\Dashboard\components\RemindersCard.tsx","RemindersCard.tsx","1","244"
"src\presentation\components\layout\AppLayout.tsx","AppLayout.tsx","1","191"
"src\presentation\components\optimization\OptimizationDashboard.tsx","OptimizationDashboard.tsx","1","438"
"src\presentation\components\ui\scroll-area.tsx","scroll-area.tsx","1","56"
"src\presentation\components\onboarding\useOnboarding.ts","useOnboarding.ts","1","134"
"src\application\hooks\useFinancialMetrics.ts","useFinancialMetrics.ts","1","35"
"src\presentation\components\pricing\tender-pricing-process\components\DirectPriceInputDialog.tsx","DirectPriceInputDialog.tsx","1","299"
"src\presentation\components\ui\LastUpdateIndicator.tsx","LastUpdateIndicator.tsx","1","67"
"src\application\hooks\useDashboardPreferences.ts","useDashboardPreferences.ts","1","44"
"src\presentation\pages\Clients\components\NewClientDialog.tsx","NewClientDialog.tsx","1","286"
"src\presentation\pages\Dashboard\components\DashboardKPICards.tsx","DashboardKPICards.tsx","1","81"
"src\presentation\pages\Dashboard\components\DashboardKPIPreferencesDialog.tsx","DashboardKPIPreferencesDialog.tsx","1","147"
"src\presentation\components\ui\toggle.tsx","toggle.tsx","1","45"
"src\presentation\components\navigation\NavigationBar.tsx","NavigationBar.tsx","1","413"
"src\presentation\components\navigation\Breadcrumbs.tsx","Breadcrumbs.tsx","1","269"
"src\domain\utils\tenderPerformance.ts","tenderPerformance.ts","1","54"
"src\application\services\projectCostTracker.ts","projectCostTracker.ts","1","306"
"src\shared\config\kpiRegistry.ts","kpiRegistry.ts","1","159"
"src\shared\config\keyboard-shortcuts.ts","keyboard-shortcuts.ts","1","435"
"src\application\services\riskAssessmentService.ts","riskAssessmentService.ts","1","312"
"src\application\services\reportExportService.ts","reportExportService.ts","1","9"
"src\shared\config\onboarding-tours.ts","onboarding-tours.ts","1","234"
"src\api\integrations\crmConnector.ts","crmConnector.ts","1","476"
"src\shared\utils\formatters\numberHelpers.ts","numberHelpers.ts","1","288"
"src\api\integrations\hrConnector.ts","hrConnector.ts","1","451"
"src\presentation\components\tasks\TaskDetails.tsx","TaskDetails.tsx","1","516"
"src\shared\hooks\usePricingCalculations.ts","usePricingCalculations.ts","1","229"
"src\application\stores\tender\tenderFiltersStore.ts","tenderFiltersStore.ts","1","172"
"src\application\stores\tender\tenderDataStore.ts","tenderDataStore.ts","1","343"
"src\application\stores\tender\tenderSelectionStore.ts","tenderSelectionStore.ts","1","162"
"src\application\stores\projectDetailsStore.ts","projectDetailsStore.ts","1","330"
"src\application\stores\tender\tenderSortStore.ts","tenderSortStore.ts","1","143"
"src\application\services\workflowAutomationService.ts","workflowAutomationService.ts","1","31"
"src\repository\task.repository.ts","task.repository.ts","1","237"
"src\application\services\riskManagementService.ts","riskManagementService.ts","1","9"
"src\application\services\schedulingService.ts","schedulingService.ts","1","9"
"src\application\services\tenderSubmissionService.ts","tenderSubmissionService.ts","1","185"
"src\application\services\templateService.ts","templateService.ts","1","316"
"src\application\services\projectBudget\resourceCalculator.ts","resourceCalculator.ts","1","50"
"src\application\services\projectBudget\dataLoader.ts","dataLoader.ts","1","69"
"src\utils\dataMigration.ts","dataMigration.ts","1","746"
"src\api\auth\rateLimiter.ts","rateLimiter.ts","1","310"
"src\application\services\projectCost\projectCostTenderSync.ts","projectCostTenderSync.ts","1","400"
"src\application\services\projectBudget\budgetSummaryCalculator.ts","budgetSummaryCalculator.ts","1","35"
"src\application\services\projectAutoCreation\fileManager.ts","fileManager.ts","1","46"
"src\application\services\projectAutoCreation\boqSynchronizer.ts","boqSynchronizer.ts","1","316"
"src\utils\securityUpdates.ts","securityUpdates.ts","1","454"
"src\utils\defaultPercentagesPropagation.ts","defaultPercentagesPropagation.ts","1","50"
"src\application\services\projectAutoCreation\taskGenerator.ts","taskGenerator.ts","1","47"
"src\shared\utils\tender\tenderInsightCalculator.ts","tenderInsightCalculator.ts","1","182"
"src\application\services\exchangeRates.ts","exchangeRates.ts","1","103"
"src\shared\utils\tender\tenderEventHandlers.ts","tenderEventHandlers.ts","1","134"
"src\api\integrations\accountingConnector.ts","accountingConnector.ts","1","453"
"src\shared\utils\security\securityUpdates.ts","securityUpdates.ts","1","482"
"src\shared\utils\tender\tenderQuickActions.ts","tenderQuickActions.ts","1","35"
"src\application\services\centralDataService.ts","centralDataService.ts","1","324"
"src\stores\developmentGoals.store.ts","developmentGoals.store.ts","1","106"
"src\shared\utils\defaultPercentagesPropagation.ts","defaultPercentagesPropagation.ts","1","50"
"src\application\services\earnedValueCalculator.ts","earnedValueCalculator.ts","1","9"
"src\application\services\decisionSupportService.ts","decisionSupportService.ts","1","1270"
"src\presentation\pages\Tenders\TenderPricing\sections\MaterialsSection.tsx","MaterialsSection.tsx","1","166"
"src\presentation\pages\Tenders\TenderPricing\utils\exportUtils.ts","exportUtils.ts","1","139"
"src\repository\providers\budget.local.ts","budget.local.ts","1","153"
"src\config\onboarding-tours.ts","onboarding-tours.ts","1","227"
"src\config\keyboard-shortcuts.ts","keyboard-shortcuts.ts","1","435"
"src\repository\providers\client.local.ts","client.local.ts","1","46"
"src\presentation\pages\Tenders\TenderPricing\sections\LaborSection.tsx","LaborSection.tsx","1","154"
"src\presentation\pages\Tenders\TenderPricing\sections\EquipmentSection.tsx","EquipmentSection.tsx","1","154"
"src\presentation\pages\Tenders\TendersPage.tsx","TendersPage.tsx","1","346"
"src\application\services\kpi\kpiResolvers.ts","kpiResolvers.ts","1","37"
"src\repository\providers\project\ProjectRelationsRepository.ts","ProjectRelationsRepository.ts","1","287"
"src\application\context\NavigationContext.tsx","NavigationContext.tsx","1","6"
"src\repository\providers\project\ProjectQueryRepository.ts","ProjectQueryRepository.ts","1","168"
"src\repository\providers\boq.local.ts","boq.local.ts","1","40"
"src\domain\services\cashflowService.ts","cashflowService.ts","1","154"
"src\repository\providers\bankAccount.local.ts","bankAccount.local.ts","1","153"
"src\presentation\pages\Tenders\TenderPricing\sections\SubcontractorsSection.tsx","SubcontractorsSection.tsx","1","154"
"src\presentation\pages\Tenders\TenderPricing\utils\parseQuantityItems.ts","parseQuantityItems.ts","1","274"
"src\presentation\pages\Tenders\TenderPricingPage.tsx","TenderPricingPage.tsx","1","734"
"src\repository\providers\purchaseOrder.local.ts","purchaseOrder.local.ts","1","123"
"src\presentation\pages\Tenders\TenderPricing\hooks\useSummaryOperations.ts","useSummaryOperations.ts","1","323"
"src\presentation\pages\Tenders\TenderPricing\hooks\usePricingValidation.ts","usePricingValidation.ts","1","219"
"src\repository\providers\relations.local.ts","relations.local.ts","1","177"
"src\repository\migrations\project-schema-migration.ts","project-schema-migration.ts","1","249"
"src\repository\providers\developmentGoals.local.ts","developmentGoals.local.ts","1","111"
"src\presentation\pages\Tenders\TenderPricing\hooks\useTenderPricingState.ts","useTenderPricingState.ts","1","74"
"src\repository\providers\financialReport.local.ts","financialReport.local.ts","1","137"
"src\repository\providers\invoice.local.ts","invoice.local.ts","1","158"
"src\api\auth\apiKeyService.ts","apiKeyService.ts","2","281"
"src\types\scheduling.ts","scheduling.ts","2","248"
"src\presentation\components\tenders\TenderPerformanceCards.tsx","TenderPerformanceCards.tsx","2","203"
"src\presentation\components\toast\index.ts","index.ts","2","14"
"src\api\auth\authService.ts","authService.ts","2","351"
"src\api\auth\index.ts","index.ts","2","29"
"src\shared\utils\projectStatusHelpers.tsx","projectStatusHelpers.tsx","2","55"
"src\presentation\components\ui\layout\ActionBar.tsx","ActionBar.tsx","2","64"
"src\shared\utils\index.ts","index.ts","2","70"
"src\presentation\components\ui\accordion.tsx","accordion.tsx","2","64"
"src\shared\utils\exporters.ts","exporters.ts","2","63"
"src\stores\middleware\index.ts","index.ts","2","13"
"src\types\index.ts","index.ts","2","4"
"src\presentation\components\toast\ToastProvider.tsx","ToastProvider.tsx","2","75"
"src\stores\index.ts","index.ts","2","41"
"src\application\hooks\useProjectAggregates.ts","useProjectAggregates.ts","2","61"
"src\application\hooks\useKPIMetrics.ts","useKPIMetrics.ts","2","44"
"src\presentation\components\tenders\TenderDetails.tsx","TenderDetails.tsx","2","548"
"src\presentation\components\tenders\TenderDetails\tabs\AttachmentsTab.tsx","AttachmentsTab.tsx","2","59"
"src\utils\excelProcessor.ts","excelProcessor.ts","2","171"
"src\utils\exporters.ts","exporters.ts","2","27"
"src\presentation\components\tenders\TenderDetails\tabs\TimelineTab.tsx","TimelineTab.tsx","2","70"
"src\presentation\components\tenders\TenderDetails\tabs\index.ts","index.ts","2","6"
"src\utils\dateFormatters.ts","dateFormatters.ts","2","228"
"src\presentation\components\tenders\TenderDetails\components\TenderInfoCard.tsx","TenderInfoCard.tsx","2","46"
"src\application\services\performance\optimization.service.ts","optimization.service.ts","2","423"
"src\shared\constants\index.ts","index.ts","2","3"
"src\presentation\pages\Tenders\TenderPricing\hooks\useTenderPricingCalculations.ts","useTenderPricingCalculations.ts","2","378"
"src\presentation\pages\Tenders\TenderPricing\hooks\usePricingRowOperations.ts","usePricingRowOperations.ts","2","366"
"src\presentation\components\tenders\TenderDetails\hooks\index.ts","index.ts","2","5"
"src\types\workflowAutomation.ts","workflowAutomation.ts","2","552"
"src\presentation\components\tenders\PricingTemplateManager.tsx","PricingTemplateManager.tsx","2","694"
"src\presentation\pages\Tenders\TenderPricing\components\PricingSummary.tsx","PricingSummary.tsx","2","144"
"src\presentation\components\tenders\TenderBasicInfoSection.tsx","TenderBasicInfoSection.tsx","2","334"
"src\presentation\components\tenders\RiskAssessmentMatrix.tsx","RiskAssessmentMatrix.tsx","2","899"
"src\presentation\components\tenders\QuantityTableSection.tsx","QuantityTableSection.tsx","2","233"
"src\presentation\components\tenders\EnhancedTenderCard.tsx","EnhancedTenderCard.tsx","2","698"
"src\presentation\components\tenders\AttachmentsSection.tsx","AttachmentsSection.tsx","2","157"
"src\utils\buttonStyles.ts","buttonStyles.ts","2","93"
"src\presentation\components\tenders\index.ts","index.ts","2","31"
"src\utils\analyticsExport.ts","analyticsExport.ts","2","371"
"src\utils\boqCalculations.ts","boqCalculations.ts","2","166"
"src\repository\purchaseOrder.repository.ts","purchaseOrder.repository.ts","2","13"
"src\application\hooks\useBankAccounts.ts","useBankAccounts.ts","2","129"
"src\shared\config\design\index.ts","index.ts","2","17"
"src\repository\financialReport.repository.ts","financialReport.repository.ts","2","12"
"src\repository\invoice.repository.ts","invoice.repository.ts","2","12"
"src\presentation\pages\Financial\components\ExcelDataProcessor.tsx","ExcelDataProcessor.tsx","2","780"
"src\presentation\pages\Projects\components\ProjectCostAnalyzer.tsx","ProjectCostAnalyzer.tsx","2","258"
"src\shared\config\projectTabsConfig.ts","projectTabsConfig.ts","2","131"
"src\repository\providers\project\ProjectHelpers.ts","ProjectHelpers.ts","2","158"
"src\repository\providers\project\ProjectValidationRepository.ts","ProjectValidationRepository.ts","2","77"
"src\api\index.ts","index.ts","2","104"
"src\shared\config\index.ts","index.ts","2","9"
"src\repository\developmentGoals.repository.ts","developmentGoals.repository.ts","2","9"
"src\repository\providers\task.local.ts","task.local.ts","2","610"
"src\repository\providers\tender.local.ts","tender.local.ts","2","345"
"src\presentation\pages\Financial\components\ProjectCostAnalyzer.tsx","ProjectCostAnalyzer.tsx","2","18"
"src\presentation\pages\Projects\components\shared\index.ts","index.ts","2","16"
"src\presentation\pages\Projects\components\hooks\index.ts","index.ts","2","20"
"src\presentation\pages\Projects\components\dialogs\ProjectEditDialog.tsx","ProjectEditDialog.tsx","2","221"
"src\presentation\pages\Financial\components\MonthlyExpensesChart.tsx","MonthlyExpensesChart.tsx","2","293"
"src\repository\budget.repository.ts","budget.repository.ts","2","12"
"src\repository\client.repository.ts","client.repository.ts","2","9"
"src\repository\bankAccount.repository.ts","bankAccount.repository.ts","2","12"
"src\repository\boq.repository.ts","boq.repository.ts","2","10"
"src\repository\providers\enhancedProject.local.ts","enhancedProject.local.ts","2","179"
"src\application\context\FinancialStateContext.tsx","FinancialStateContext.tsx","2","313"
"src\application\hooks\useFinancialData.ts","useFinancialData.ts","2","333"
"src\presentation\pages\Tenders\TenderPricing\utils\tenderPricingHelpers.ts","tenderPricingHelpers.ts","2","110"
"src\application\hooks\useFinancialReports.ts","useFinancialReports.ts","2","144"
"src\pricing\snapshotCompute.ts","snapshotCompute.ts","2","159"
"src\application\hooks\useEnhancedKPIs.ts","useEnhancedKPIs.ts","2","511"
"src\presentation\pages\Tenders\components\TenderResultsManager.tsx","TenderResultsManager.tsx","2","458"
"src\presentation\components\ui\breadcrumb.tsx","breadcrumb.tsx","2","102"
"src\presentation\pages\Tenders\components\TenderStatusManager.tsx","TenderStatusManager.tsx","2","365"
"src\application\hooks\index.ts","index.ts","2","474"
"src\application\hooks\useInvoices.ts","useInvoices.ts","2","144"
"src\shared\utils\tender\tenderTabHelpers.ts","tenderTabHelpers.ts","2","87"
"src\shared\utils\ui\buttonStyles.ts","buttonStyles.ts","2","98"
"src\presentation\pages\Tenders\components\PricingSummary.tsx","PricingSummary.tsx","2","147"
"src\presentation\pages\Settings\components\ExcelDataProcessor.tsx","ExcelDataProcessor.tsx","2","51"
"src\shared\utils\analytics\analyticsExport.ts","analyticsExport.ts","2","378"
"src\application\hooks\useBudgets.ts","useBudgets.ts","2","144"
"src\shared\types\electron.d.ts","electron.d.ts","2","100"
"src\shared\types\index.ts","index.ts","2","4"
"src\api\integrations\index.ts","index.ts","2","63"
"src\application\hooks\useDashboardAlerts.ts","useDashboardAlerts.ts","2","368"
"src\application\context\index.ts","index.ts","2","2"
"src\shared\utils\pricing\reverseCalculations.ts","reverseCalculations.ts","2","134"
"src\shared\utils\boq\boqCalculations.ts","boqCalculations.ts","2","168"
"src\shared\utils\data\excelProcessor.ts","excelProcessor.ts","2","196"
"src\application\hooks\useClients.ts","useClients.ts","2","108"
"src\infrastructure\storage\modules\BOQStorage.ts","BOQStorage.ts","2","270"
"src\infrastructure\storage\modules\ClientsStorage.ts","ClientsStorage.ts","2","169"
"src\infrastructure\storage\core\index.ts","index.ts","2","11"
"src\infrastructure\storage\core\StorageCache.ts","StorageCache.ts","2","250"
"src\infrastructure\storage\modules\index.ts","index.ts","2","24"
"src\presentation\components\analytics\enhanced\index.ts","index.ts","2","181"
"src\application\services\data\ClientDataService.ts","ClientDataService.ts","2","206"
"src\infrastructure\storage\index.ts","index.ts","2","29"
"src\presentation\components\alert\index.ts","index.ts","2","6"
"src\domain\services\projectCostAnalyzer.ts","projectCostAnalyzer.ts","2","154"
"src\application\services\data\index.ts","index.ts","2","42"
"src\domain\selectors\kpiSelectors.ts","kpiSelectors.ts","2","164"
"src\application\services\data\ProjectDataService.ts","ProjectDataService.ts","2","224"
"src\domain\validation\index.ts","index.ts","2","15"
"src\infrastructure\storage\adapters\index.ts","index.ts","2","10"
"src\infrastructure\storage\adapters\LegacyStorageAdapter.ts","LegacyStorageAdapter.ts","2","236"
"src\infrastructure\repositories\pricing\index.ts","index.ts","2","41"
"src\infrastructure\repositories\pricing\PricingDataRepository.ts","PricingDataRepository.ts","2","163"
"src\application\services\data\BOQDataService.ts","BOQDataService.ts","2","245"
"src\application\providers\companySettings.types.ts","companySettings.types.ts","2","31"
"src\presentation\components\evm\EVMDashboard.tsx","EVMDashboard.tsx","2","561"
"src\presentation\components\cost\index.ts","index.ts","2","3"
"src\presentation\components\CostBreakdown\index.ts","index.ts","2","7"
"src\presentation\components\financial\FinancialAnalytics.tsx","FinancialAnalytics.tsx","2","906"
"src\presentation\components\notification\index.ts","index.ts","2","6"
"src\presentation\components\onboarding\index.ts","index.ts","2","7"
"src\presentation\components\keyboard-shortcuts\index.ts","index.ts","2","6"
"src\presentation\components\navigation\index.ts","index.ts","2","8"
"src\presentation\components\BOQTable\BOQTable.tsx","BOQTable.tsx","2","371"
"src\presentation\components\BOQTable\index.ts","index.ts","2","7"
"src\presentation\components\analytics\AnalyticsRouter.tsx","AnalyticsRouter.tsx","2","412"
"src\presentation\components\automation\WorkflowAutomation.tsx","WorkflowAutomation.tsx","2","1357"
"src\presentation\components\charts\ChartSkeleton.tsx","ChartSkeleton.tsx","2","96"
"src\presentation\components\competitive\MarketIntelligence.tsx","MarketIntelligence.tsx","2","1023"
"src\application\providers\index.ts","index.ts","2","2"
"src\presentation\components\command-palette\CommandPalette.tsx","CommandPalette.tsx","2","558"
"src\presentation\components\command-palette\index.ts","index.ts","2","11"
"src\application\services\data\TenderDataService.ts","TenderDataService.ts","2","257"
"src\application\services\enhancedProjectService.ts","enhancedProjectService.ts","2","271"
"src\application\services\expensesService.ts","expensesService.ts","2","128"
"src\application\services\competitorDatabaseService.ts","competitorDatabaseService.ts","2","1259"
"src\application\services\developmentStatsService.ts","developmentStatsService.ts","2","471"
"src\application\services\financialAnalyticsService.ts","financialAnalyticsService.ts","2","426"
"src\application\services\inventoryManagementService.ts","inventoryManagementService.ts","2","36"
"src\application\services\lessonsLearnedService.ts","lessonsLearnedService.ts","2","669"
"src\application\services\financialIntegrationService.ts","financialIntegrationService.ts","2","0"
"src\application\services\financialStatementsService.ts","financialStatementsService.ts","2","545"
"src\application\services\projectAutoCreation\validator.ts","validator.ts","2","42"
"src\application\services\projectBudget\budgetComparator.ts","budgetComparator.ts","2","161"
"src\application\services\projectAutoCreation\projectBuilder.ts","projectBuilder.ts","2","138"
"src\application\services\projectAutoCreation\statsCalculator.ts","statsCalculator.ts","2","43"
"src\application\services\projectBudget\estimatedPricingExtractor.ts","estimatedPricingExtractor.ts","2","109"
"src\application\services\security\security\index.ts","index.ts","2","15"
"src\application\services\security\index.ts","index.ts","2","14"
"src\application\services\projectCost\projectCostCalculator.ts","projectCostCalculator.ts","2","139"
"src\application\services\projectCost\projectCostDraft.ts","projectCostDraft.ts","2","390"
"src\application\services\marketIntelligenceService.ts","marketIntelligenceService.ts","2","1225"
"src\application\services\performance\performance\optimization.service.ts","optimization.service.ts","2","407"
"src\application\services\performance\performance\index.ts","index.ts","2","19"
"src\application\services\performance\performance\performance-monitor.service.ts","performance-monitor.service.ts","2","333"
"src\config\design\index.ts","index.ts","2","17"
"src\domain\entities\boqBase.ts","boqBase.ts","2","3"
"src\domain\monitoring\pricingRuntimeMonitor.ts","pricingRuntimeMonitor.ts","2","30"
"src\application\services\performance\performance-monitor.service.ts","performance-monitor.service.ts","2","332"
"src\domain\entities\boqPriced.ts","boqPriced.ts","2","3"
"src\domain\errors\ConflictError.ts","ConflictError.ts","2","173"
"src\application\services\projectCostService.ts","projectCostService.ts","2","211"
"src\application\services\qualityAssuranceService.ts","qualityAssuranceService.ts","2","457"
"src\application\services\paymentsReceivablesService.ts","paymentsReceivablesService.ts","2","754"
"src\application\services\procurementIntegrationService.ts","procurementIntegrationService.ts","2","50"
"src\application\services\saudiTaxService.ts","saudiTaxService.ts","2","418"
"src\application\services\performance\index.ts","index.ts","2","22"
"src\application\stores\projectAttachmentsStore.ts","projectAttachmentsStore.ts","2","325"
"src\application\services\unifiedSystemIntegrationService.ts","unifiedSystemIntegrationService.ts","2","9"
"src\application\stores\tender\index.ts","index.ts","2","41"
"src\presentation\components\projects\ProjectQuickActions.tsx","ProjectQuickActions.tsx","2","51"
"src\presentation\components\risk\RiskAssessmentMatrix.tsx","RiskAssessmentMatrix.tsx","2","382"
"src\presentation\components\PricingSummary\PricingSummary.tsx","PricingSummary.tsx","2","237"
"src\presentation\components\tenders\TenderDetails\components\AttachmentItem.tsx","AttachmentItem.tsx","2","89"
"src\presentation\components\projects\ProjectHeaderExtras.tsx","ProjectHeaderExtras.tsx","2","48"
"src\application\hooks\useSystemData.ts","useSystemData.ts","2","21"
"src\presentation\components\projects\ProjectHeaderBadges.tsx","ProjectHeaderBadges.tsx","2","92"
"src\presentation\components\tasks\TaskBoard.tsx","TaskBoard.tsx","2","351"
"src\presentation\components\optimization\index.ts","index.ts","2","6"
"src\presentation\components\PricingSummary\index.ts","index.ts","2","7"
"src\presentation\components\pricing\tender-pricing-process\components\index.ts","index.ts","2","5"
"src\presentation\components\pricing\tender-pricing-process\components\SummaryView.tsx","SummaryView.tsx","2","995"
"src\presentation\components\reports\index.ts","index.ts","2","7"
"src\presentation\components\reports\ProjectsDashboard.tsx","ProjectsDashboard.tsx","2","550"
"src\presentation\components\pricing\shared\StatCard.tsx","StatCard.tsx","2","159"
"src\presentation\components\quality\index.ts","index.ts","2","6"
"src\presentation\components\pricing\shared\index.ts","index.ts","2","7"
"src\presentation\components\risk\index.ts","index.ts","2","6"
"src\presentation\components\pricing\tender-pricing-process\components\TechnicalView.tsx","TechnicalView.tsx","2","15"
"src\presentation\components\tenders\TenderDetails\components\index.ts","index.ts","2","6"
"src\presentation\components\security\index.ts","index.ts","2","9"
"src\presentation\components\projects\index.ts","index.ts","2","66"
"src\presentation\components\scheduling\index.ts","index.ts","2","6"
"src\presentation\components\projects\ProjectCard.tsx","ProjectCard.tsx","2","266"
"src\presentation\components\projects\ProjectAnalysisCards.tsx","ProjectAnalysisCards.tsx","2","80"
"src\presentation\components\quality\QualityControlDashboard.tsx","QualityControlDashboard.tsx","2","435"
"src\presentation\components\procurement\ProcurementCostIntegration.tsx","ProcurementCostIntegration.tsx","2","773"
"src\presentation\components\tasks\index.ts","index.ts","2","11"
"src\infrastructure\storage\modules\BackupStorage.ts","BackupStorage.ts","3","430"
"src\utils\backupManager.ts","backupManager.ts","3","620"
"src\repository\relations.repository.ts","relations.repository.ts","3","25"
"src\infrastructure\storage\core\BaseStorage.ts","BaseStorage.ts","3","178"
"src\application\hooks\useDashboardMetrics.ts","useDashboardMetrics.ts","3","131"
"src\shared\utils\tender\tenderFilters.ts","tenderFilters.ts","3","193"
"src\presentation\components\analytics\enhanced\EnhancedDashboardLayout.tsx","EnhancedDashboardLayout.tsx","3","390"
"src\presentation\components\analytics\enhanced\QuickActionsBar.tsx","QuickActionsBar.tsx","3","320"
"src\presentation\components\ui\layout\Sidebar.tsx","Sidebar.tsx","3","287"
"src\presentation\pages\Projects\ProjectsPage.tsx","ProjectsPage.tsx","3","280"
"src\shared\utils\tender\tenderFormValidators.ts","tenderFormValidators.ts","3","288"
"src\application\services\projectCost\projectCostStorage.ts","projectCostStorage.ts","3","46"
"src\types\risk.ts","risk.ts","3","331"
"src\presentation\components\security\BackupManager.tsx","BackupManager.tsx","3","424"
"src\application\hooks\useKPIs.ts","useKPIs.ts","3","203"
"src\application\hooks\useProjectsManagementData.ts","useProjectsManagementData.ts","3","90"
"src\application\services\data\TenderAnalyticsService.ts","TenderAnalyticsService.ts","3","310"
"src\application\services\taskManagementService.ts","taskManagementService.ts","3","101"
"src\pricing\snapshotModel.ts","snapshotModel.ts","3","90"
"src\application\services\performanceOptimizationService.ts","performanceOptimizationService.ts","3","9"
"src\repository\providers\project.local.ts","project.local.ts","3","174"
"src\application\hooks\useQuantityFormatter.ts","useQuantityFormatter.ts","3","195"
"src\application\services\systemIntegrationService.ts","systemIntegrationService.ts","3","9"
"src\infrastructure\repositories\pricing\BOQSyncRepository.ts","BOQSyncRepository.ts","3","316"
"src\infrastructure\repositories\pricing\TenderStatusRepository.ts","TenderStatusRepository.ts","3","138"
"src\shared\utils\storage\backupManager.ts","backupManager.ts","3","525"
"src\domain\services\ProjectFinancialService.ts","ProjectFinancialService.ts","3","155"
"src\application\services\data\RelationshipService.ts","RelationshipService.ts","3","302"
"src\utils\eventManager.ts","eventManager.ts","3","407"
"src\repository\enhancedProject.repository.ts","enhancedProject.repository.ts","3","83"
"src\shared\utils\tender\tenderStatusMigration.ts","tenderStatusMigration.ts","3","186"
"src\types\evm.ts","evm.ts","3","404"
"src\types\decisionSupport.ts","decisionSupport.ts","3","285"
"src\application\hooks\useDomainPricingEngine.ts","useDomainPricingEngine.ts","3","207"
"src\application\hooks\useCurrencyRates.ts","useCurrencyRates.ts","3","133"
"src\presentation\pages\Financial\components\BankAccounts.tsx","BankAccounts.tsx","3","494"
"src\presentation\pages\Projects\components\hooks\useProjectData.ts","useProjectData.ts","3","150"
"src\presentation\components\ui\skeleton.tsx","skeleton.tsx","3","13"
"src\presentation\pages\Financial\components\FinancialReports.tsx","FinancialReports.tsx","3","630"
"src\shared\utils\eventManager.ts","eventManager.ts","3","419"
"src\presentation\components\navigation\Sidebar.tsx","Sidebar.tsx","3","475"
"src\presentation\components\ui\popover.tsx","popover.tsx","3","39"
"src\application\services\bidComparisonService.ts","bidComparisonService.ts","3","1822"
"src\presentation\components\competitive\BidComparison.tsx","BidComparison.tsx","3","1020"
"src\presentation\components\competitive\CompetitorDatabase.tsx","CompetitorDatabase.tsx","3","904"
"src\presentation\components\layout\Sidebar.tsx","Sidebar.tsx","3","1"
"src\presentation\components\ui\slider.tsx","slider.tsx","3","58"
"src\presentation\components\onboarding\OnboardingTour.tsx","OnboardingTour.tsx","3","425"
"src\presentation\components\financial\ProfitabilityAnalysis.tsx","ProfitabilityAnalysis.tsx","3","624"
"src\presentation\pages\Projects\components\shared\FinancialMetricsCard.tsx","FinancialMetricsCard.tsx","3","127"
"src\application\navigation\NavigationProvider.tsx","NavigationProvider.tsx","3","454"
"src\presentation\components\competitive\DecisionSupport.tsx","DecisionSupport.tsx","3","638"
"src\presentation\components\ui\radio-group.tsx","radio-group.tsx","3","39"
"src\presentation\components\projects\ProjectTabs.tsx","ProjectTabs.tsx","4","163"
"src\shared\utils\pricing\priceOptimization.ts","priceOptimization.ts","4","557"
"src\shared\types\qualityAssurance.ts","qualityAssurance.ts","4","153"
"src\shared\utils\analytics\historicalComparison.ts","historicalComparison.ts","4","41"
"src\application\hooks\useProjectCosts.ts","useProjectCosts.ts","4","188"
"src\presentation\components\CostBreakdown\CostBreakdown.tsx","CostBreakdown.tsx","4","268"
"src\application\services\kpiCalculationEngine.ts","kpiCalculationEngine.ts","4","9"
"src\application\navigation\navigationSchema.ts","navigationSchema.ts","4","538"
"src\application\providers\CompanySettingsProvider.tsx","CompanySettingsProvider.tsx","4","187"
"src\presentation\components\toast\useToast.ts","useToast.ts","4","148"
"src\presentation\components\ui\ActionButtons.tsx","ActionButtons.tsx","4","159"
"src\database\database.ts","database.ts","4","24"
"src\repository\providers\project\ProjectCRUDRepository.ts","ProjectCRUDRepository.ts","4","277"
"src\shared\utils\ml\historicalComparison.ts","historicalComparison.ts","4","991"
"src\application\services\procurementCostIntegrationService.ts","procurementCostIntegrationService.ts","4","9"
"src\application\stores\projectCostStore.ts","projectCostStore.ts","4","364"
"src\infrastructure\storage\modules\PricingStorage.ts","PricingStorage.ts","4","281"
"src\application\services\profitabilityAnalysisService.ts","profitabilityAnalysisService.ts","4","1129"
"src\shared\utils\tender\tenderStatusHelpers.ts","tenderStatusHelpers.ts","4","229"
"src\presentation\pages\Projects\components\hooks\useProjectCosts.ts","useProjectCosts.ts","4","194"
"src\utils\historicalComparison.ts","historicalComparison.ts","4","991"
"src\shared\utils\tender\tenderNotifications.ts","tenderNotifications.ts","4","463"
"src\utils\priceOptimization.ts","priceOptimization.ts","4","545"
"src\presentation\components\automation\QualityAssurance.tsx","QualityAssurance.tsx","4","482"
"src\shared\utils\tender\tenderProgressCalculator.ts","tenderProgressCalculator.ts","4","318"
"src\application\services\projectReportingService.ts","projectReportingService.ts","4","248"
"src\presentation\components\analytics\enhanced\EnhancedKPICard.tsx","EnhancedKPICard.tsx","4","275"
"src\presentation\components\toast\ToastContainer.tsx","ToastContainer.tsx","4","108"
"src\infrastructure\storage\adapters\ElectronAdapter.ts","ElectronAdapter.ts","4","223"
"src\presentation\components\analytics\HistoricalComparison.tsx","HistoricalComparison.tsx","4","589"
"src\application\hooks\useKeyboardShortcuts.ts","useKeyboardShortcuts.ts","4","43"
"src\types\qualityAssurance.ts","qualityAssurance.ts","4","1018"
"src\infrastructure\storage\adapters\LocalStorageAdapter.ts","LocalStorageAdapter.ts","4","225"
"src\config\performance.config.ts","performance.config.ts","5","353"
"src\config\confirmationMessages.ts","confirmationMessages.ts","5","25"
"src\shared\config\performance.config.ts","performance.config.ts","5","348"
"src\presentation\components\procurement\SupplierManagement.tsx","SupplierManagement.tsx","5","681"
"src\application\services\procurementReportingService.ts","procurementReportingService.ts","5","9"
"src\types\change.ts","change.ts","5","310"
"src\repository\project.repository.ts","project.repository.ts","5","12"
"src\stores\tenderPricingStore.ts","tenderPricingStore.ts","5","658"
"src\shared\config\confirmationMessages.ts","confirmationMessages.ts","5","62"
"src\presentation\components\ui\tooltip.tsx","tooltip.tsx","5","27"
"src\utils\dataImport.ts","dataImport.ts","5","598"
"src\shared\utils\tender\tenderFormDefaults.ts","tenderFormDefaults.ts","5","284"
"src\shared\utils\security\secureStore.ts","secureStore.ts","5","120"
"src\presentation\pages\Projects\components\hooks\useProjectAttachments.ts","useProjectAttachments.ts","5","254"
"src\presentation\pages\Financial\components\Invoices.tsx","Invoices.tsx","5","469"
"src\application\hooks\useProjectAttachments.ts","useProjectAttachments.ts","5","217"
"src\presentation\pages\Projects\components\hooks\useBOQSync.ts","useBOQSync.ts","5","264"
"src\shared\utils\data\dataImport.ts","dataImport.ts","5","597"
"src\stores\boqStore.ts","boqStore.ts","5","341"
"src\presentation\pages\Projects\components\shared\ProjectProgressBar.tsx","ProjectProgressBar.tsx","5","76"
"src\utils\secureStore.ts","secureStore.ts","5","120"
"src\domain\entities\snapshot.ts","snapshot.ts","5","3"
"src\application\services\security\security\encryption.service.ts","encryption.service.ts","6","334"
"src\presentation\pages\Settings\components\BankStatementProcessor.tsx","BankStatementProcessor.tsx","6","36"
"src\presentation\components\ui\switch.tsx","switch.tsx","6","28"
"src\application\services\purchaseOrderService.ts","purchaseOrderService.ts","6","500"
"src\presentation\pages\Projects\components\shared\ProjectStatusBadge.tsx","ProjectStatusBadge.tsx","6","55"
"src\presentation\components\pricing\tender-pricing-process\components\CostSectionCard.tsx","CostSectionCard.tsx","6","455"
"src\application\services\security\audit.service.ts","audit.service.ts","6","360"
"src\presentation\pages\Projects\components\hooks\useProjectFormatters.ts","useProjectFormatters.ts","6","131"
"src\application\hooks\useProjectFormatters.ts","useProjectFormatters.ts","6","170"
"src\application\hooks\useExpenses.ts","useExpenses.ts","6","241"
"src\application\services\security\backup.service.ts","backup.service.ts","6","435"
"src\presentation\pages\Financial\components\BankStatementProcessor.tsx","BankStatementProcessor.tsx","6","598"
"src\shared\utils\ml\predictionModels.ts","predictionModels.ts","6","421"
"src\application\services\security\security\audit.service.ts","audit.service.ts","6","361"
"src\application\hooks\useBOQ.ts","useBOQ.ts","6","406"
"src\application\services\security\encryption.service.ts","encryption.service.ts","6","322"
"src\shared\types\quality.ts","quality.ts","6","88"
"src\application\services\data\PurchaseOrderService.ts","PurchaseOrderService.ts","6","226"
"src\application\services\supplierManagementService.ts","supplierManagementService.ts","6","9"
"src\types\quality.ts","quality.ts","6","518"
"src\presentation\pages\Tenders\TenderPricing\components\CostSectionCard.tsx","CostSectionCard.tsx","6","80"
"src\presentation\pages\Tenders\TenderPricing\components\PricingRow.tsx","PricingRow.tsx","6","166"
"src\application\services\security\security\backup.service.ts","backup.service.ts","6","439"
"src\shared\config\themes.config.ts","themes.config.ts","7","466"
"src\shared\utils\storage\storageSchema.ts","storageSchema.ts","7","581"
"src\application\services\projectCost\projectCostTypes.ts","projectCostTypes.ts","7","119"
"src\application\hooks\useProjects.ts","useProjects.ts","7","147"
"src\shared\config\design\themes.config.ts","themes.config.ts","7","432"
"src\utils\storageSchema.ts","storageSchema.ts","7","547"
"src\config\design\themes.config.ts","themes.config.ts","7","432"
"src\presentation\pages\Projects\components\shared\QuickActions.tsx","QuickActions.tsx","7","55"
"src\config\themes.config.ts","themes.config.ts","7","466"
"src\infrastructure\repositories\pricing\PricingOrchestrator.ts","PricingOrchestrator.ts","7","430"
"src\application\services\projectBudgetService.ts","projectBudgetService.ts","7","54"
"src\infrastructure\storage\core\StorageManager.ts","StorageManager.ts","7","644"
"src\presentation\pages\Projects\components\Clients.tsx","Clients.tsx","7","18"
"src\application\providers\ThemeProvider.tsx","ThemeProvider.tsx","8","362"
"src\utils\pricingConstants.ts","pricingConstants.ts","8","41"
"src\application\context\ThemeProvider.tsx","ThemeProvider.tsx","8","8"
"src\data\expenseCategories.ts","expenseCategories.ts","8","565"
"src\presentation\components\charts\EChart.tsx","EChart.tsx","8","161"
"src\shared\constants\pricingConstants.ts","pricingConstants.ts","8","56"
"src\application\services\security\permissions.service.ts","permissions.service.ts","8","423"
"src\api\endpoints\procurement.ts","procurement.ts","8","329"
"src\application\services\security\security\permissions.service.ts","permissions.service.ts","8","349"
"src\presentation\components\ui\separator.tsx","separator.tsx","8","28"
"src\presentation\components\notification\Notification.tsx","Notification.tsx","8","273"
"src\presentation\components\ui\confirmation-dialog.tsx","confirmation-dialog.tsx","9","185"
"src\application\services\projectAutoCreation.ts","projectAutoCreation.ts","9","232"
"src\utils\normalizePricing.ts","normalizePricing.ts","9","459"
"src\shared\utils\pricing\normalizePricing.ts","normalizePricing.ts","9","482"
"src\types\templates.ts","templates.ts","9","93"
"src\shared\types\templates.ts","templates.ts","9","95"
"src\types\tasks.ts","tasks.ts","9","205"
"src\presentation\components\ui\alert-dialog.tsx","alert-dialog.tsx","10","135"
"src\application\services\competitiveService.ts","competitiveService.ts","10","720"
"src\shared\utils\ui\statusColors.ts","statusColors.ts","10","138"
"src\utils\fileUploadService.ts","fileUploadService.ts","10","205"
"src\presentation\components\ui\dropdown-menu.tsx","dropdown-menu.tsx","10","190"
"src\utils\statusColors.ts","statusColors.ts","10","130"
"src\shared\utils\fileUploadService.ts","fileUploadService.ts","10","273"
"src\domain\selectors\financialMetrics.ts","financialMetrics.ts","10","737"
"src\application\stores\tenderListStoreAdapter.ts","tenderListStoreAdapter.ts","10","336"
"src\presentation\components\ui\checkbox.tsx","checkbox.tsx","11","29"
"src\presentation\components\pricing\tender-pricing-process\components\PricingView.tsx","PricingView.tsx","11","442"
"src\application\hooks\useDevelopment.ts","useDevelopment.ts","11","90"
"src\shared\utils\ml\analyticsUtils.ts","analyticsUtils.ts","12","32"
"src\shared\utils\analytics\analyticsUtils.ts","analyticsUtils.ts","12","523"
"src\utils\analyticsUtils.ts","analyticsUtils.ts","12","526"
"src\utils\desktopSecurity.ts","desktopSecurity.ts","12","342"
"src\shared\utils\security\desktopSecurity.ts","desktopSecurity.ts","12","373"
"src\application\services\RepositoryProvider.tsx","RepositoryProvider.tsx","12","54"
"src\utils\pricingHelpers.ts","pricingHelpers.ts","13","283"
"src\application\services\pricingService.ts","pricingService.ts","13","25"
"src\styles\design-system.ts","design-system.ts","13","426"
"src\shared\types\integration.ts","integration.ts","13","386"
"src\types\integration.ts","integration.ts","13","402"
"src\shared\utils\pricing\pricingHelpers.ts","pricingHelpers.ts","13","378"
"src\domain\selectors\tenderSelectors.ts","tenderSelectors.ts","13","589"
"src\application\services\pricingEngine.ts","pricingEngine.ts","14","284"
"src\presentation\pages\Financial\components\Budgets.tsx","Budgets.tsx","14","539"
"src\domain\services\pricingEngine.ts","pricingEngine.ts","14","85"
"src\presentation\components\ui\inline-alert.tsx","inline-alert.tsx","15","104"
"src\config\design\tokens.config.ts","tokens.config.ts","15","461"
"src\shared\config\design\tokens.config.ts","tokens.config.ts","15","458"
"src\config\tokens.config.ts","tokens.config.ts","15","560"
"src\shared\config\tokens.config.ts","tokens.config.ts","15","560"
"src\domain\model.ts","model.ts","17","136"
"src\shared\utils\ui\designTokens.ts","designTokens.ts","17","180"
"src\utils\designTokens.ts","designTokens.ts","17","176"
"src\application\services\analyticsService.ts","analyticsService.ts","17","521"
"src\presentation\components\ui\table.tsx","table.tsx","18","92"
"src\application\hooks\useCurrencyFormatter.ts","useCurrencyFormatter.ts","22","133"
"src\utils\auditLog.ts","auditLog.ts","23","176"
"src\shared\utils\storage\auditLog.ts","auditLog.ts","23","177"
"src\presentation\components\ui\status-badge.tsx","status-badge.tsx","24","386"
"src\presentation\components\ui\calendar.tsx","calendar.tsx","25","72"
"src\main.tsx","main.tsx","25","100"
"src\presentation\components\ui\textarea.tsx","textarea.tsx","26","18"
"src\domain\contracts\metrics.ts","metrics.ts","26","142"
"src\presentation\components\layout\PageLayout.tsx","PageLayout.tsx","26","2"
"src\presentation\components\ui\layout\PageLayout.tsx","PageLayout.tsx","26","514"
"src\utils\helpers.ts","helpers.ts","27","323"
"src\shared\utils\helpers.ts","helpers.ts","27","345"
"src\shared\types\competitive.ts","competitive.ts","31","331"
"src\types\competitive.ts","competitive.ts","31","604"
"src\shared\types\contracts.ts","contracts.ts","33","261"
"src\types\contracts.ts","contracts.ts","33","267"
"src\api\client.ts","client.ts","34","306"
"src\shared\utils\formatters\formatters.ts","formatters.ts","38","408"
"src\utils\formatters.ts","formatters.ts","38","385"
"src\presentation\components\pricing\tender-pricing-process\constants.ts","constants.ts","42","75"
"src\shared\constants\storageKeys.ts","storageKeys.ts","43","112"
"src\config\storageKeys.ts","storageKeys.ts","43","105"
"src\application\services\serviceRegistry.ts","serviceRegistry.ts","44","205"
"src\presentation\components\ui\label.tsx","label.tsx","45","21"
"src\presentation\components\ui\select.tsx","select.tsx","46","170"
"src\events\bus.ts","bus.ts","47","79"
"src\presentation\components\ui\progress.tsx","progress.tsx","50","28"
"src\utils\cn.ts","cn.ts","53","6"
"src\shared\utils\cn.ts","cn.ts","53","6"
"src\presentation\components\alert\Alert.tsx","Alert.tsx","54","202"
"src\presentation\components\ui\alert.tsx","alert.tsx","54","60"
"src\presentation\components\ui\dialog.tsx","dialog.tsx","56","120"
"src\presentation\components\ui\input.tsx","input.tsx","57","21"
"src\types\projects.ts","projects.ts","58","341"
"src\presentation\components\ui\tabs.tsx","tabs.tsx","58","58"
"src\shared\types\projects.ts","projects.ts","58","338"
"src\api\endpoints\projects.ts","projects.ts","58","299"
"src\presentation\types\projects.ts","projects.ts","58","3"
"src\config\currency.ts","currency.ts","61","13"
"src\shared\types\analytics.ts","analytics.ts","61","397"
"src\shared\types\boq.ts","boq.ts","61","66"
"src\types\analytics.ts","analytics.ts","61","397"
"src\shared\config\currency.ts","currency.ts","61","13"
"src\types\boq.ts","boq.ts","61","66"
"src\api\endpoints\tenders.ts","tenders.ts","62","276"
"src\presentation\components\toast\Toast.tsx","Toast.tsx","67","289"
"src\api\config.ts","config.ts","81","395"
"src\presentation\components\ui\layout\Header.tsx","Header.tsx","108","245"
"src\presentation\components\layout\Header.tsx","Header.tsx","108","1"
"src\data\centralData.ts","centralData.ts","114","630"
"src\presentation\components\ui\badge.tsx","badge.tsx","118","48"
"src\presentation\components\ui\form.tsx","form.tsx","132","86"
"src\presentation\components\ui\button.tsx","button.tsx","138","50"
"src\presentation\components\ui\card.tsx","card.tsx","158","71"
"src\shared\types\pricing.ts","pricing.ts","163","86"
"src\types\pricing.ts","pricing.ts","163","113"
"src\shared\utils\storage\storage.ts","storage.ts","166","1314"
"src\utils\storage.ts","storage.ts","166","1282"
"src\presentation\pages\Tenders\TenderPricing\types.ts","types.ts","201","144"
"src\presentation\components\tenders\TenderDetails\types.ts","types.ts","201","97"
"src\infrastructure\storage\core\types.ts","types.ts","201","236"
"src\application\services\projectAutoCreation\types.ts","types.ts","201","43"
"src\presentation\components\pricing\tender-pricing-process\types.ts","types.ts","201","130"
"src\application\services\projectBudget\types.ts","types.ts","201","114"
"src\api\types.ts","types.ts","201","279"
"src\repository\types.ts","types.ts","201","12"
"src\presentation\components\ui\utils.ts","utils.ts","233","1"
"src\App.tsx","App.tsx","337","45"
